name,price,categoryCode,description
Fantastic Concrete Salad,509.00,HBP,New range of formal shirts are designed keeping you in mind. With fits and styling that will make you stand apart
Electronic Rubber Pizza,650.00,AUT,"The Apollotech B340 is an affordable wireless mouse with reliable connectivity, 12 months battery life and modern design"
Recycled Metal Computer,158.00,HKP,Carbonite web goalkeeper gloves are ergonomically designed to give easy fit
Handmade Concrete Bike,640.00,HKP,"Boston's most advanced compression wear technology increases muscle oxygenation, stabilizes active muscles"
Small Wooden Table,691.00,BKS,"The Nagasaki Lander is the trademarked name of several series of Nagasaki sport bikes, that started with the 1984 ABC800J"
Unbranded Metal Ball,948.00,SPO,The beautiful range of Apple Natural√© that has an exciting mix of natural ingredients. With the Goodness of 100% Natural Ingredients
Sleek Soft Hat,558.00,BKS,New range of formal shirts are designed keeping you in mind. With fits and styling that will make you stand apart
Gorgeous Fresh Pants,330.00,OFS,Ergonomic executive chair upholstered in bonded black leather and PVC padded seat and back for all-day comfort and support
Elegant Soft Chips,998.00,HKP,The slim & simple Maple Gaming Keyboard from Dev Byte comes with a sleek body and 7- Color RGB LED Back-lighting for smart functionality
Generic Plastic Towels,399.00,HBP,"Boston's most advanced compression wear technology increases muscle oxygenation, stabilizes active muscles"
